schema_version,run_id,participant_id,method,workload,n,k,pattern,seed,sample,seconds,return_type,return_items,return_shallow_bytes,return_deep_bytes,status,error
1,20261007T174929Z-d155010b,student-alias,countNucleotides,random_dna,100,3,,258,1,2.4170149117708206e-06,dict,4,184,464,ok,
1,20261007T174929Z-d155010b,student-alias,countNucleotides,random_dna,100,3,,258,2,1.00000761449337e-06,dict,4,184,464,ok,
1,20261007T174929Z-d155010b,student-alias,countNucleotides,random_dna,100,3,,258,3,7.079797796905041e-07,dict,4,184,464,ok,
1,20261007T174929Z-d155010b,student-alias,patternIndex,random_dna,100,3,AAA,258,1,1.1249969247728586e-05,list,1,88,116,ok,
1,20261007T174929Z-d155010b,student-alias,patternIndex,random_dna,100,3,AAA,258,2,9.041978046298027e-06,list,1,88,116,ok,
1,20261007T174929Z-d155010b,student-alias,patternIndex,random_dna,100,3,AAA,258,3,8.166010957211256e-06,list,1,88,116,ok,
1,20261007T174929Z-d155010b,student-alias,patternCount,random_dna,100,3,AAA,258,1,1.1334021110087633e-05,int,1,28,28,ok,
1,20261007T174929Z-d155010b,student-alias,patternCount,random_dna,100,3,AAA,258,2,9.125040378421545e-06,int,1,28,28,ok,
1,20261007T174929Z-d155010b,student-alias,patternCount,random_dna,100,3,AAA,258,3,8.167000487446785e-06,int,1,28,28,ok,
1,20261007T174929Z-d155010b,student-alias,frequentWords,random_dna,100,3,,258,1,2.2416003048419952e-05,str,3,44,44,ok,
1,20261007T174929Z-d155010b,student-alias,frequentWords,random_dna,100,3,,258,2,1.7250014934688807e-05,str,3,44,44,ok,
1,20261007T174929Z-d155010b,student-alias,frequentWords,random_dna,100,3,,258,3,1.550000160932541e-05,str,3,44,44,ok,
1,20261007T174929Z-d155010b,student-alias,countNucleotides,random_dna,300,3,,258,1,1.3750395737588406e-06,dict,4,184,464,ok,
1,20261007T174929Z-d155010b,student-alias,countNucleotides,random_dna,300,3,,258,2,9.160139597952366e-07,dict,4,184,464,ok,
1,20261007T174929Z-d155010b,student-alias,countNucleotides,random_dna,300,3,,258,3,8.330098353326321e-07,dict,4,184,464,ok,
1,20261007T174929Z-d155010b,student-alias,patternIndex,random_dna,300,3,AAA,258,1,2.6708003133535385e-05,list,5,120,260,ok,
1,20261007T174929Z-d155010b,student-alias,patternIndex,random_dna,300,3,AAA,258,2,2.566596958786249e-05,list,5,120,260,ok,
1,20261007T174929Z-d155010b,student-alias,patternIndex,random_dna,300,3,AAA,258,3,2.5541987270116806e-05,list,5,120,260,ok,
1,20261007T174929Z-d155010b,student-alias,patternCount,random_dna,300,3,AAA,258,1,2.4834007490426302e-05,int,1,28,28,ok,
1,20261007T174929Z-d155010b,student-alias,patternCount,random_dna,300,3,AAA,258,2,5.279097240418196e-05,int,1,28,28,ok,
1,20261007T174929Z-d155010b,student-alias,patternCount,random_dna,300,3,AAA,258,3,3.3750024158507586e-05,int,1,28,28,ok,
1,20261007T174929Z-d155010b,student-alias,frequentWords,random_dna,300,3,,258,1,4.7707988414913416e-05,str,3,44,44,ok,
1,20261007T174929Z-d155010b,student-alias,frequentWords,random_dna,300,3,,258,2,4.299997817724943e-05,str,3,44,44,ok,
1,20261007T174929Z-d155010b,student-alias,frequentWords,random_dna,300,3,,258,3,3.862503217533231e-05,str,3,44,44,ok,
1,20261007T174929Z-d155010b,student-alias,countNucleotides,random_dna,1000,3,,258,1,1.9579892978072166e-06,dict,4,184,464,ok,
1,20261007T174929Z-d155010b,student-alias,countNucleotides,random_dna,1000,3,,258,2,1.4579854905605316e-06,dict,4,184,464,ok,
1,20261007T174929Z-d155010b,student-alias,countNucleotides,random_dna,1000,3,,258,3,1.459033228456974e-06,dict,4,184,464,ok,
1,20261007T174929Z-d155010b,student-alias,patternIndex,random_dna,1000,3,AAA,258,1,8.862500544637442e-05,list,18,248,752,ok,
1,20261007T174929Z-d155010b,student-alias,patternIndex,random_dna,1000,3,AAA,258,2,9.600003249943256e-05,list,18,248,752,ok,
1,20261007T174929Z-d155010b,student-alias,patternIndex,random_dna,1000,3,AAA,258,3,8.037500083446503e-05,list,18,248,752,ok,
1,20261007T174929Z-d155010b,student-alias,patternCount,random_dna,1000,3,AAA,258,1,8.099997648969293e-05,int,1,28,28,ok,
1,20261007T174929Z-d155010b,student-alias,patternCount,random_dna,1000,3,AAA,258,2,7.787504000589252e-05,int,1,28,28,ok,
1,20261007T174929Z-d155010b,student-alias,patternCount,random_dna,1000,3,AAA,258,3,7.858395110815763e-05,int,1,28,28,ok,
1,20261007T174929Z-d155010b,student-alias,frequentWords,random_dna,1000,3,,258,1,0.00011708401143550873,str,3,44,44,ok,
1,20261007T174929Z-d155010b,student-alias,frequentWords,random_dna,1000,3,,258,2,0.000504208030179143,str,3,44,44,ok,
1,20261007T174929Z-d155010b,student-alias,frequentWords,random_dna,1000,3,,258,3,0.00015750003512948751,str,3,44,44,ok,
1,20261007T174929Z-d155010b,student-alias,countNucleotides,random_dna,3000,3,,258,1,5.082983989268541e-06,dict,4,184,464,ok,
1,20261007T174929Z-d155010b,student-alias,countNucleotides,random_dna,3000,3,,258,2,3.999972250312567e-06,dict,4,184,464,ok,
1,20261007T174929Z-d155010b,student-alias,countNucleotides,random_dna,3000,3,,258,3,3.5830307751893997e-06,dict,4,184,464,ok,
1,20261007T174929Z-d155010b,student-alias,patternIndex,random_dna,3000,3,AAA,258,1,0.0003379170084372163,list,46,472,1760,ok,
1,20261007T174929Z-d155010b,student-alias,patternIndex,random_dna,3000,3,AAA,258,2,0.0007218749960884452,list,46,472,1760,ok,
1,20261007T174929Z-d155010b,student-alias,patternIndex,random_dna,3000,3,AAA,258,3,0.00033604097552597523,list,46,472,1760,ok,
1,20261007T174929Z-d155010b,student-alias,patternCount,random_dna,3000,3,AAA,258,1,0.0003380419802851975,int,1,28,28,ok,
1,20261007T174929Z-d155010b,student-alias,patternCount,random_dna,3000,3,AAA,258,2,0.00036091700894758105,int,1,28,28,ok,
1,20261007T174929Z-d155010b,student-alias,patternCount,random_dna,3000,3,AAA,258,3,0.00023937498917803168,int,1,28,28,ok,
1,20261007T174929Z-d155010b,student-alias,frequentWords,random_dna,3000,3,,258,1,0.0005286250379867852,str,3,44,44,ok,
1,20261007T174929Z-d155010b,student-alias,frequentWords,random_dna,3000,3,,258,2,0.00036866700975224376,str,3,44,44,ok,
1,20261007T174929Z-d155010b,student-alias,frequentWords,random_dna,3000,3,,258,3,0.00045300001511350274,str,3,44,44,ok,
1,20261007T174929Z-d155010b,student-alias,countNucleotides,random_dna,10000,3,,258,1,1.1374999303370714e-05,dict,4,184,464,ok,
1,20261007T174929Z-d155010b,student-alias,countNucleotides,random_dna,10000,3,,258,2,1.0167015716433525e-05,dict,4,184,464,ok,
1,20261007T174929Z-d155010b,student-alias,countNucleotides,random_dna,10000,3,,258,3,9.834009688347578e-06,dict,4,184,464,ok,
1,20261007T174929Z-d155010b,student-alias,patternIndex,random_dna,10000,3,AAA,258,1,0.0010595000348985195,list,139,1240,5132,ok,
1,20261007T174929Z-d155010b,student-alias,patternIndex,random_dna,10000,3,AAA,258,2,0.0008147910120896995,list,139,1240,5132,ok,
1,20261007T174929Z-d155010b,student-alias,patternIndex,random_dna,10000,3,AAA,258,3,0.0008074999786913395,list,139,1240,5132,ok,
1,20261007T174929Z-d155010b,student-alias,patternCount,random_dna,10000,3,AAA,258,1,0.0008727909880690277,int,1,28,28,ok,
1,20261007T174929Z-d155010b,student-alias,patternCount,random_dna,10000,3,AAA,258,2,0.0011629590298980474,int,1,28,28,ok,
1,20261007T174929Z-d155010b,student-alias,patternCount,random_dna,10000,3,AAA,258,3,0.0011850420269183815,int,1,28,28,ok,
1,20261007T174929Z-d155010b,student-alias,frequentWords,random_dna,10000,3,,258,1,0.0019367079949006438,str,3,44,44,ok,
1,20261007T174929Z-d155010b,student-alias,frequentWords,random_dna,10000,3,,258,2,0.0017894579796120524,str,3,44,44,ok,
1,20261007T174929Z-d155010b,student-alias,frequentWords,random_dna,10000,3,,258,3,0.001591457985341549,str,3,44,44,ok,
1,20261007T174929Z-d155010b,student-alias,countNucleotides,repeated_a,100,3,,258,1,2.4999608285725117e-06,dict,4,184,408,ok,
1,20261007T174929Z-d155010b,student-alias,countNucleotides,repeated_a,100,3,,258,2,8.750357665121555e-07,dict,4,184,408,ok,
1,20261007T174929Z-d155010b,student-alias,countNucleotides,repeated_a,100,3,,258,3,6.25033862888813e-07,dict,4,184,408,ok,
1,20261007T174929Z-d155010b,student-alias,patternIndex,repeated_a,100,3,AAA,258,1,1.650000922381878e-05,list,98,920,3664,ok,
1,20261007T174929Z-d155010b,student-alias,patternIndex,repeated_a,100,3,AAA,258,2,1.2582982890307903e-05,list,98,920,3664,ok,
1,20261007T174929Z-d155010b,student-alias,patternIndex,repeated_a,100,3,AAA,258,3,1.3583980035036802e-05,list,98,920,3664,ok,
1,20261007T174929Z-d155010b,student-alias,patternCount,repeated_a,100,3,AAA,258,1,1.1750031262636185e-05,int,1,28,28,ok,
1,20261007T174929Z-d155010b,student-alias,patternCount,repeated_a,100,3,AAA,258,2,1.1083960998803377e-05,int,1,28,28,ok,
1,20261007T174929Z-d155010b,student-alias,patternCount,repeated_a,100,3,AAA,258,3,1.0999967344105244e-05,int,1,28,28,ok,
1,20261007T174929Z-d155010b,student-alias,frequentWords,repeated_a,100,3,,258,1,1.487502595409751e-05,str,3,44,44,ok,
1,20261007T174929Z-d155010b,student-alias,frequentWords,repeated_a,100,3,,258,2,1.4457968063652515e-05,str,3,44,44,ok,
1,20261007T174929Z-d155010b,student-alias,frequentWords,repeated_a,100,3,,258,3,1.4208024367690086e-05,str,3,44,44,ok,
1,20261007T174929Z-d155010b,student-alias,countNucleotides,repeated_a,300,3,,258,1,1.374981366097927e-06,dict,4,184,408,ok,
1,20261007T174929Z-d155010b,student-alias,countNucleotides,repeated_a,300,3,,258,2,8.749775588512421e-07,dict,4,184,408,ok,
1,20261007T174929Z-d155010b,student-alias,countNucleotides,repeated_a,300,3,,258,3,7.919734343886375e-07,dict,4,184,408,ok,
1,20261007T174929Z-d155010b,student-alias,patternIndex,repeated_a,300,3,AAA,258,1,4.029198316857219e-05,list,298,2520,10864,ok,
1,20261007T174929Z-d155010b,student-alias,patternIndex,repeated_a,300,3,AAA,258,2,3.854196984320879e-05,list,298,2520,10864,ok,
1,20261007T174929Z-d155010b,student-alias,patternIndex,repeated_a,300,3,AAA,258,3,3.9000005926936865e-05,list,298,2520,10864,ok,
1,20261007T174929Z-d155010b,student-alias,patternCount,repeated_a,300,3,AAA,258,1,3.3582968171685934e-05,int,1,28,28,ok,
1,20261007T174929Z-d155010b,student-alias,patternCount,repeated_a,300,3,AAA,258,2,3.2832962460815907e-05,int,1,28,28,ok,
1,20261007T174929Z-d155010b,student-alias,patternCount,repeated_a,300,3,AAA,258,3,3.21249826811254e-05,int,1,28,28,ok,
1,20261007T174929Z-d155010b,student-alias,frequentWords,repeated_a,300,3,,258,1,4.312500823289156e-05,str,3,44,44,ok,
1,20261007T174929Z-d155010b,student-alias,frequentWords,repeated_a,300,3,,258,2,4.0457991417497396e-05,str,3,44,44,ok,
1,20261007T174929Z-d155010b,student-alias,frequentWords,repeated_a,300,3,,258,3,4.0499959141016006e-05,str,3,44,44,ok,
1,20261007T174929Z-d155010b,student-alias,countNucleotides,repeated_a,1000,3,,258,1,2.0840088836848736e-06,dict,4,184,408,ok,
1,20261007T174929Z-d155010b,student-alias,countNucleotides,repeated_a,1000,3,,258,2,1.500011421740055e-06,dict,4,184,408,ok,
1,20261007T174929Z-d155010b,student-alias,countNucleotides,repeated_a,1000,3,,258,3,1.458043698221445e-06,dict,4,184,408,ok,
1,20261007T174929Z-d155010b,student-alias,patternIndex,repeated_a,1000,3,AAA,258,1,0.00017662503523752093,list,998,8856,36800,ok,
1,20261007T174929Z-d155010b,student-alias,patternIndex,repeated_a,1000,3,AAA,258,2,0.00013262499123811722,list,998,8856,36800,ok,
1,20261007T174929Z-d155010b,student-alias,patternIndex,repeated_a,1000,3,AAA,258,3,0.00013449997641146183,list,998,8856,36800,ok,
1,20261007T174929Z-d155010b,student-alias,patternCount,repeated_a,1000,3,AAA,258,1,0.0001515829935669899,int,1,28,28,ok,
1,20261007T174929Z-d155010b,student-alias,patternCount,repeated_a,1000,3,AAA,258,2,8.37499974295497e-05,int,1,28,28,ok,
1,20261007T174929Z-d155010b,student-alias,patternCount,repeated_a,1000,3,AAA,258,3,0.00010008399840444326,int,1,28,28,ok,
1,20261007T174929Z-d155010b,student-alias,frequentWords,repeated_a,1000,3,,258,1,0.00014962500426918268,str,3,44,44,ok,
1,20261007T174929Z-d155010b,student-alias,frequentWords,repeated_a,1000,3,,258,2,0.00015783298294991255,str,3,44,44,ok,
1,20261007T174929Z-d155010b,student-alias,frequentWords,repeated_a,1000,3,,258,3,0.00011212500976398587,str,3,44,44,ok,
1,20261007T174929Z-d155010b,student-alias,countNucleotides,repeated_a,3000,3,,258,1,5.416979547590017e-06,dict,4,184,408,ok,
1,20261007T174929Z-d155010b,student-alias,countNucleotides,repeated_a,3000,3,,258,2,3.5830307751893997e-06,dict,4,184,408,ok,
1,20261007T174929Z-d155010b,student-alias,countNucleotides,repeated_a,3000,3,,258,3,1.937500201165676e-05,dict,4,184,408,ok,
1,20261007T174929Z-d155010b,student-alias,patternIndex,repeated_a,3000,3,AAA,258,1,0.0008416249766014516,list,2998,26040,109984,ok,
1,20261007T174929Z-d155010b,student-alias,patternIndex,repeated_a,3000,3,AAA,258,2,0.00043175002792850137,list,2998,26040,109984,ok,
1,20261007T174929Z-d155010b,student-alias,patternIndex,repeated_a,3000,3,AAA,258,3,0.00026333396090194583,list,2998,26040,109984,ok,
1,20261007T174929Z-d155010b,student-alias,patternCount,repeated_a,3000,3,AAA,258,1,0.0002503749565221369,int,1,28,28,ok,
1,20261007T174929Z-d155010b,student-alias,patternCount,repeated_a,3000,3,AAA,258,2,0.0002513750223442912,int,1,28,28,ok,
1,20261007T174929Z-d155010b,student-alias,patternCount,repeated_a,3000,3,AAA,258,3,0.0002460420364513993,int,1,28,28,ok,
1,20261007T174929Z-d155010b,student-alias,frequentWords,repeated_a,3000,3,,258,1,0.00044254097156226635,str,3,44,44,ok,
1,20261007T174929Z-d155010b,student-alias,frequentWords,repeated_a,3000,3,,258,2,0.00032016600016504526,str,3,44,44,ok,
1,20261007T174929Z-d155010b,student-alias,frequentWords,repeated_a,3000,3,,258,3,0.0003182920045219362,str,3,44,44,ok,
1,20261007T174929Z-d155010b,student-alias,countNucleotides,repeated_a,10000,3,,258,1,1.183303538709879e-05,dict,4,184,408,ok,
1,20261007T174929Z-d155010b,student-alias,countNucleotides,repeated_a,10000,3,,258,2,1.0083022061735392e-05,dict,4,184,408,ok,
1,20261007T174929Z-d155010b,student-alias,countNucleotides,repeated_a,10000,3,,258,3,9.874987881630659e-06,dict,4,184,408,ok,
1,20261007T174929Z-d155010b,student-alias,patternIndex,repeated_a,10000,3,AAA,258,1,0.0011533340439200401,list,9998,85176,365120,ok,
1,20261007T174929Z-d155010b,student-alias,patternIndex,repeated_a,10000,3,AAA,258,2,0.001404333976097405,list,9998,85176,365120,ok,
1,20261007T174929Z-d155010b,student-alias,patternIndex,repeated_a,10000,3,AAA,258,3,0.0008577500120736659,list,9998,85176,365120,ok,
1,20261007T174929Z-d155010b,student-alias,patternCount,repeated_a,10000,3,AAA,258,1,0.0008478750241920352,int,1,28,28,ok,
1,20261007T174929Z-d155010b,student-alias,patternCount,repeated_a,10000,3,AAA,258,2,0.0008305839728564024,int,1,28,28,ok,
1,20261007T174929Z-d155010b,student-alias,patternCount,repeated_a,10000,3,AAA,258,3,0.0008349589770659804,int,1,28,28,ok,
1,20261007T174929Z-d155010b,student-alias,frequentWords,repeated_a,10000,3,,258,1,0.0010173339978791773,str,3,44,44,ok,
1,20261007T174929Z-d155010b,student-alias,frequentWords,repeated_a,10000,3,,258,2,0.0010503329685889184,str,3,44,44,ok,
1,20261007T174929Z-d155010b,student-alias,frequentWords,repeated_a,10000,3,,258,3,0.0010488330153748393,str,3,44,44,ok,
